{"cameraMode":{"drawMode":0,"name":"Shaded","section":"Shading Mode"},"sceneLighting":true,"audioPlay":false,"sceneViewState":{"showFog":true,"showMaterialUpdate":false,"showSkybox":true,"showFlares":true,"showImageEffects":true,"showParticleSystems":true},"in2DMode":false,"pivot":{"x":0.6843607425689697,"y":2.6197543144226076,"z":0.7639721035957336},"rotation":{"x":-0.1484164297580719,"y":0.6760327219963074,"z":-0.1417752504348755,"w":-0.7077091336250305},"size":4.290203094482422,"orthographic":false}