{"cameraMode":{"drawMode":0,"name":"Shaded","section":"Shading Mode"},"sceneLighting":true,"audioPlay":false,"sceneViewState":{"showFog":true,"showMaterialUpdate":false,"showSkybox":true,"showFlares":true,"showImageEffects":true,"showParticleSystems":true},"in2DMode":false,"pivot":{"x":22.65903663635254,"y":-12.481419563293457,"z":11.09190845489502},"rotation":{"x":-0.200181782245636,"y":-0.5253819823265076,"z":0.12874403595924378,"w":-0.8169003129005432},"size":52.45039367675781,"orthographic":false}