{"cameraMode":{"drawMode":0,"name":"Shaded","section":"Shading Mode"},"sceneLighting":true,"audioPlay":false,"sceneViewState":{"showFog":true,"showMaterialUpdate":false,"showSkybox":true,"showFlares":true,"showImageEffects":true,"showParticleSystems":true},"in2DMode":false,"pivot":{"x":35.75444793701172,"y":-8.24624252319336,"z":17.976308822631837},"rotation":{"x":-0.08440349996089935,"y":-0.5419409275054932,"z":0.05482045188546181,"w":-0.8343685865402222},"size":51.293827056884769,"orthographic":false}